{
	"info": {
		"_postman_id": "4750b56d-b802-4e68-85d0-dd93c79c33b3",
		"name": "Assignment_002_003_004_005",
		"schema": "https://schema.getpostman.com/json/collection/v2.1.0/collection.json",
		"_exporter_id": "27716677",
		"_collection_link": "https://restless-spaceship-474793.postman.co/workspace/SBI_Project~10542937-abf7-4f8d-b6d5-33eecfa4cbca/collection/27716677-4750b56d-b802-4e68-85d0-dd93c79c33b3?action=share&creator=27716677&source=collection_link"
	},
	"item": [
		{
			"name": "Environment_Variables_Assignment_002",
			"event": [
				{
					"listen": "test",
					"script": {
						"exec": [
							"pm.test(\"Status code is 200\", function () {\r",
							"    pm.response.to.have.status(200);\r",
							"});\r",
							"\r",
							"pm.test(\"value of id is 20021\", function(){\r",
							"var jsonData=pm.response.json();\r",
							"pm.expect(jsonData.category.id).to.eql(20021);\r",
							"});\r",
							"\r",
							"pm.test(\"Body matches string\", function () {\r",
							"\r",
							"    var txt_status=pm.environment.get('status');\r",
							"    \r",
							"    pm.expect(pm.response.text()).to.include(txt_status);\r",
							"});\r",
							"\r",
							"\r",
							""
						],
						"type": "text/javascript"
					}
				}
			],
			"request": {
				"method": "PUT",
				"header": [],
				"body": {
					"mode": "raw",
					"raw": "{\r\n  \"id\": 9223372036854295000,\r\n  \"category\": {\r\n    \"id\": 20021,\r\n    \"name\": \"string\"\r\n  },\r\n  \"name\": \"doggie\",\r\n  \"photoUrls\": [\r\n    \"string\"\r\n  ],\r\n  \"tags\": [\r\n    {\r\n      \"id\": 0,\r\n      \"name\": \"string\"\r\n    }\r\n  ],\r\n  \"status\": \"{{status}}\"\r\n}",
					"options": {
						"raw": {
							"language": "json"
						}
					}
				},
				"url": {
					"raw": "{{testURL}}/v2/pet",
					"host": [
						"{{testURL}}"
					],
					"path": [
						"v2",
						"pet"
					]
				}
			},
			"response": []
		},
		{
			"name": "POSTman_Assignment_003",
			"event": [
				{
					"listen": "test",
					"script": {
						"exec": [
							"pm.test(\"Status code is 200\", function () {\r",
							"    pm.response.to.have.status(200);\r",
							"});\r",
							"\r",
							"pm.test(\"value of user status\", function(){\r",
							"var jsonData=pm.response.json();\r",
							"pm.expect(jsonData.userStatus).to.eql(1);\r",
							"});\r",
							"\r",
							"pm.test(\"value of User name\", function(){\r",
							"var jsonData=pm.response.json();\r",
							"pm.expect(jsonData.username).to.eql(\"Uname001\");\r",
							"});\r",
							"\r",
							"pm.test(\"value of Email\", function(){\r",
							"var jsonData=pm.response.json();\r",
							"pm.expect(jsonData.email).to.eql(\"Positive@Attitude.com\");\r",
							"});\r",
							"\r",
							""
						],
						"type": "text/javascript"
					}
				}
			],
			"request": {
				"method": "GET",
				"header": [],
				"url": {
					"raw": "https://petstore.swagger.io/v2/user/{{uname}}",
					"protocol": "https",
					"host": [
						"petstore",
						"swagger",
						"io"
					],
					"path": [
						"v2",
						"user",
						"{{uname}}"
					]
				}
			},
			"response": []
		},
		{
			"name": "POSTman_Assignment_004",
			"event": [
				{
					"listen": "test",
					"script": {
						"exec": [
							"// Validate the Response code 200\r",
							"\r",
							"pm.test(\"Status code is 200\", function () {\r",
							"    pm.response.to.have.status(200);\r",
							"});\r",
							"\r",
							"// Read the parameter value base on selection status\r",
							"\r",
							"const paramsString = request.url.split('?')[1];\r",
							"console.log(paramsString)\r",
							"const abc=paramsString.split('=');\r",
							"const key=abc[0]\r",
							"const value=abc[1]\r",
							"console.log(value)\r",
							"\r",
							"// Select the status value based on the switch case and validate the matching string.\r",
							"\r",
							"var jsonData=pm.response.json();\r",
							"switch (value) {\r",
							"    case \"available\":\r",
							"        for(var i=0;i<jsonData.length;i++)\r",
							"            {\r",
							"                pm.test(\"Body matches string\", function () {\r",
							"\r",
							"                    pm.expect(pm.response.text()).to.include(\"available\");\r",
							"                });\r",
							"            }\r",
							"            break;\r",
							"    case \"pending\":\r",
							"        for(var i=0;i<jsonData.length;i++)\r",
							"            {\r",
							"                pm.test(\"Body matches string\", function () {\r",
							"\r",
							"                    pm.expect(pm.response.text()).to.include(\"pending\");\r",
							"                });\r",
							"            }\r",
							"            break;\r",
							"    case \"sold\":\r",
							"        for(var i=0;i<jsonData.length;i++)\r",
							"            {\r",
							"                pm.test(\"Body matches string\", function () {\r",
							"\r",
							"                    pm.expect(pm.response.text()).to.include(\"sold\");\r",
							"                });\r",
							"            }\r",
							"            break;\r",
							"    default:\r",
							"    console.log(\"Selected Invalid status\");\r",
							"\r",
							"}\r",
							"\r",
							"\r",
							"\r",
							""
						],
						"type": "text/javascript"
					}
				}
			],
			"request": {
				"method": "GET",
				"header": [],
				"url": {
					"raw": "https://petstore.swagger.io/v2/pet/findByStatus?status=available",
					"protocol": "https",
					"host": [
						"petstore",
						"swagger",
						"io"
					],
					"path": [
						"v2",
						"pet",
						"findByStatus"
					],
					"query": [
						{
							"key": "status",
							"value": "available"
						},
						{
							"key": "status",
							"value": "pending",
							"disabled": true
						},
						{
							"key": "status",
							"value": "sold",
							"disabled": true
						}
					]
				}
			},
			"response": []
		},
		{
			"name": "POSTman_Assignment_005",
			"event": [
				{
					"listen": "test",
					"script": {
						"exec": [
							"pm.test(\"Status code is 200\", function () {\r",
							"    pm.response.to.have.status(200);\r",
							"});\r",
							"pm.test(\"value of user status\", function(){\r",
							"var jsonData=pm.response.json();\r",
							"pm.expect(jsonData.code).to.eql(200);\r",
							"});"
						],
						"type": "text/javascript"
					}
				}
			],
			"request": {
				"auth": {
					"type": "basic",
					"basic": [
						{
							"key": "password",
							"value": "@tt!tude",
							"type": "string"
						},
						{
							"key": "username",
							"value": "Uname001",
							"type": "string"
						}
					]
				},
				"method": "GET",
				"header": [],
				"url": {
					"raw": "https://petstore.swagger.io/v2/user/login",
					"protocol": "https",
					"host": [
						"petstore",
						"swagger",
						"io"
					],
					"path": [
						"v2",
						"user",
						"login"
					]
				}
			},
			"response": []
		}
	]
}