{
	"info": {
		"_postman_id": "24d42ce9-cef9-42d5-beab-9d23696551a1",
		"name": "Pet_ID_Collection_Assigment_001",
		"schema": "https://schema.getpostman.com/json/collection/v2.1.0/collection.json",
		"_exporter_id": "27716677",
		"_collection_link": "https://restless-spaceship-474793.postman.co/workspace/SBI_Project~10542937-abf7-4f8d-b6d5-33eecfa4cbca/collection/27716677-24d42ce9-cef9-42d5-beab-9d23696551a1?action=share&creator=27716677&source=collection_link"
	},
	"item": [
		{
			"name": "Pet_Creation",
			"event": [
				{
					"listen": "test",
					"script": {
						"exec": [
							"pm.test(\"Status code is 200\", function () {\r",
							"    pm.response.to.have.status(200);\r",
							"});\r",
							"pm.test(\"Body matches string\", function () {\r",
							"    pm.expect(pm.response.text()).to.include(\"available\");\r",
							"});\r",
							""
						],
						"type": "text/javascript"
					}
				}
			],
			"request": {
				"method": "POST",
				"header": [],
				"body": {
					"mode": "raw",
					"raw": "{\r\n  \"id\": {{petID}},\r\n  \"category\": {\r\n    \"id\": 0,\r\n    \"name\": \"string\"\r\n  },\r\n  \"name\": \"{{petNAME}}\",\r\n  \"photoUrls\": [\r\n    \"string\"\r\n  ],\r\n  \"tags\": [\r\n    {\r\n      \"id\": 0,\r\n      \"name\": \"string\"\r\n    }\r\n  ],\r\n  \"status\": \"available\"\r\n}",
					"options": {
						"raw": {
							"language": "json"
						}
					}
				},
				"url": {
					"raw": "https://petstore.swagger.io/v2/pet/",
					"protocol": "https",
					"host": [
						"petstore",
						"swagger",
						"io"
					],
					"path": [
						"v2",
						"pet",
						""
					]
				}
			},
			"response": []
		},
		{
			"name": "Get_PetID",
			"event": [
				{
					"listen": "test",
					"script": {
						"exec": [
							"pm.test(\"Status code is 200\", function () {\r",
							"    pm.response.to.have.status(200);\r",
							"});"
						],
						"type": "text/javascript"
					}
				}
			],
			"request": {
				"method": "GET",
				"header": [],
				"url": {
					"raw": "https://petstore.swagger.io/v2/pet/{{petID}}",
					"protocol": "https",
					"host": [
						"petstore",
						"swagger",
						"io"
					],
					"path": [
						"v2",
						"pet",
						"{{petID}}"
					]
				}
			},
			"response": []
		},
		{
			"name": "Delete_PetID",
			"event": [
				{
					"listen": "test",
					"script": {
						"exec": [
							"pm.test(\"Status code is 200\", function () {\r",
							"    pm.response.to.have.status(200);\r",
							"});"
						],
						"type": "text/javascript"
					}
				}
			],
			"request": {
				"method": "DELETE",
				"header": [],
				"url": {
					"raw": "https://petstore.swagger.io/v2/pet/{{petID}}",
					"protocol": "https",
					"host": [
						"petstore",
						"swagger",
						"io"
					],
					"path": [
						"v2",
						"pet",
						"{{petID}}"
					]
				}
			},
			"response": []
		}
	]
}